"Tanggal","Terakhir","Pembukaan","Tertinggi","Terendah","Vol.","Perubahan%"
"31/01/2025","4.800","4.790","4.840","4.790","27,06M","0,42%"
"30/01/2025","4.780","4.870","4.870","4.780","28,15M","-1,85%"
"24/01/2025","4.870","4.900","4.960","4.870","19,66M","-0,61%"
"23/01/2025","4.900","4.960","4.980","4.900","17,05M","-1,21%"
"22/01/2025","4.960","4.920","4.980","4.880","33,12M","1,02%"
"21/01/2025","4.910","4.930","4.970","4.900","21,76M","0,00%"
"20/01/2025","4.910","4.940","4.960","4.900","11,87M","-0,61%"
"17/01/2025","4.940","4.860","4.970","4.840","23,69M","1,23%"
"16/01/2025","4.880","5.025","5.025","4.880","30,52M","-1,21%"
"15/01/2025","4.940","4.790","4.940","4.780","27,50M","4,00%"
"14/01/2025","4.750","4.770","4.850","4.750","28,10M","0,00%"
"13/01/2025","4.750","4.910","4.920","4.720","46,25M","-3,06%"
"10/01/2025","4.900","4.940","4.960","4.860","31,95M","-0,61%"
"09/01/2025","4.930","4.830","4.950","4.830","23,80M","2,49%"
"08/01/2025","4.810","4.880","4.910","4.810","23,74M","-2,24%"
"07/01/2025","4.920","4.860","4.920","4.850","20,45M","1,23%"
"06/01/2025","4.860","4.950","5.000","4.860","18,41M","-1,82%"
"03/01/2025","4.950","4.950","4.970","4.920","12,71M","0,00%"
"02/01/2025","4.950","4.910","4.970","4.900","17,92M","1,02%"
"30/12/2024","4.900","4.930","4.940","4.880","23,93M","-0,61%"
"27/12/2024","4.930","4.890","4.940","4.880","14,46M","1,02%"
"24/12/2024","4.880","4.940","4.980","4.880","22,60M","-1,41%"
"23/12/2024","4.950","4.900","4.950","4.870","29,68M","1,64%"
"20/12/2024","4.870","4.880","4.900","4.850","44,85M","-0,20%"
"19/12/2024","4.880","4.950","4.950","4.860","39,15M","-2,40%"
"18/12/2024","5.000","4.980","5.050","4.960","27,41M","0,40%"
"17/12/2024","4.980","5.100","5.150","4.950","48,68M","-2,83%"
"16/12/2024","5.125","5.075","5.150","5.000","35,94M","0,00%"
"13/12/2024","5.125","5.100","5.150","5.050","27,73M","0,49%"
"12/12/2024","5.100","5.150","5.225","5.050","37,25M","-2,86%"
"11/12/2024","5.250","5.175","5.250","5.175","41,09M","0,48%"
"10/12/2024","5.225","5.200","5.225","5.150","41,54M","0,00%"
"09/12/2024","5.225","5.150","5.225","5.100","37,21M","1,46%"
"06/12/2024","5.150","5.150","5.175","5.050","36,60M","-0,96%"
"05/12/2024","5.200","5.225","5.225","5.125","21,95M","-0,48%"
"04/12/2024","5.225","5.100","5.225","5.075","51,73M","1,95%"
"03/12/2024","5.125","4.980","5.125","4.970","46,75M","3,74%"
"02/12/2024","4.940","5.100","5.150","4.900","47,37M","-3,14%"
"29/11/2024","5.100","5.125","5.125","5.025","48,76M","-0,49%"
"28/11/2024","5.125","5.200","5.225","5.125","30,55M","-0,49%"
"26/11/2024","5.150","5.150","5.200","5.100","45,06M","-0,48%"
"25/11/2024","5.175","4.950","5.175","4.940","84,52M","5,40%"
"22/11/2024","4.910","4.900","4.960","4.860","21,24M","0,41%"
"21/11/2024","4.890","4.990","4.990","4.890","27,66M","-2,20%"
"20/11/2024","5.000","4.970","5.025","4.950","18,63M","0,60%"
"19/11/2024","4.970","4.930","4.970","4.900","36,84M","0,81%"
"18/11/2024","4.930","4.950","4.970","4.910","17,84M","-0,20%"
"15/11/2024","4.940","4.940","4.960","4.920","14,87M","-0,20%"
"14/11/2024","4.950","5.025","5.025","4.930","38,26M","-1,49%"
"13/11/2024","5.025","5.000","5.025","4.950","24,48M","1,11%"
"12/11/2024","4.970","5.000","5.000","4.930","43,24M","0,00%"
"11/11/2024","4.970","4.960","4.990","4.850","49,89M","0,20%"
"08/11/2024","4.960","5.050","5.075","4.950","32,91M","-0,80%"
"07/11/2024","5.000","5.050","5.075","5.000","46,05M","-0,99%"
"06/11/2024","5.050","5.175","5.175","5.025","32,98M","-2,42%"
"05/11/2024","5.175","5.125","5.200","5.075","31,17M","0,98%"
"04/11/2024","5.125","5.075","5.125","4.980","52,36M","0,99%"
"01/11/2024","5.075","5.125","5.175","5.050","54,22M","-0,49%"
"31/10/2024","5.100","5.300","5.300","5.100","77,26M","-1,92%"
"30/10/2024","5.200","5.125","5.200","5.050","33,20M","1,46%"
"29/10/2024","5.125","5.250","5.250","5.125","45,25M","-2,38%"
"28/10/2024","5.250","5.250","5.250","5.125","40,17M","0,48%"
"25/10/2024","5.225","5.275","5.275","5.200","27,25M","-0,95%"
"24/10/2024","5.275","5.300","5.300","5.200","50,78M","-0,47%"
"23/10/2024","5.300","5.275","5.300","5.175","64,52M","0,47%"
"22/10/2024","5.275","5.125","5.275","5.100","132,22M","3,43%"
"21/10/2024","5.100","4.950","5.100","4.930","88,95M","3,66%"
"18/10/2024","4.920","4.960","4.960","4.920","39,81M","-0,61%"
"17/10/2024","4.950","4.950","4.970","4.930","54,16M","-0,20%"
"16/10/2024","4.960","4.950","4.960","4.900","80,53M","0,61%"
"15/10/2024","4.930","4.930","4.970","4.900","61,26M","0,00%"
"14/10/2024","4.930","5.025","5.025","4.920","71,37M","-2,86%"
"11/10/2024","5.075","5.125","5.150","5.075","39,32M","-0,98%"
"10/10/2024","5.125","5.100","5.125","5.075","27,73M","0,99%"
"09/10/2024","5.075","5.225","5.225","5.075","33,54M","-2,87%"
"08/10/2024","5.225","5.100","5.225","5.075","42,35M","2,45%"
"07/10/2024","5.100","5.150","5.175","5.075","27,89M","-0,97%"
"04/10/2024","5.150","5.250","5.250","5.100","35,94M","-1,90%"
"03/10/2024","5.250","5.175","5.250","5.100","56,76M","1,94%"
"02/10/2024","5.150","5.150","5.150","5.050","39,89M","-0,48%"
"01/10/2024","5.175","5.100","5.175","5.075","39,02M","2,48%"
"30/09/2024","5.050","5.100","5.100","5.000","66,74M","-0,98%"
"27/09/2024","5.100","5.275","5.275","5.050","57,48M","-2,86%"
"26/09/2024","5.250","5.250","5.275","5.175","56,03M","0,48%"
"25/09/2024","5.225","5.300","5.300","5.150","63,44M","-0,95%"
"24/09/2024","5.275","5.250","5.275","5.225","43,48M","0,96%"
"23/09/2024","5.225","5.250","5.275","5.225","23,36M","0,00%"
"20/09/2024","5.225","5.275","5.275","5.200","47,51M","-0,95%"
"19/09/2024","5.275","5.275","5.275","5.200","57,25M","0,48%"
"18/09/2024","5.250","5.100","5.275","5.075","123,54M","3,45%"
"17/09/2024","5.075","5.075","5.100","5.025","35,57M","0,00%"
"13/09/2024","5.075","5.025","5.075","5.025","24,92M","1,00%"
"12/09/2024","5.025","5.025","5.075","5.025","24,72M","0,00%"
"11/09/2024","5.025","5.025","5.050","5.000","27,38M","0,00%"
"10/09/2024","5.025","5.075","5.100","5.000","58,87M","0,00%"
"09/09/2024","5.025","5.050","5.100","5.000","55,47M","-0,50%"
"06/09/2024","5.050","5.050","5.125","5.050","32,01M","-0,49%"
"05/09/2024","5.075","5.075","5.125","5.050","34,71M","0,50%"
"04/09/2024","5.050","5.050","5.100","5.025","45,33M","-1,46%"
"03/09/2024","5.125","5.225","5.225","5.125","34,86M","-1,44%"
"02/09/2024","5.200","5.100","5.225","5.100","84,86M","1,96%"
"30/08/2024","5.100","5.075","5.125","5.025","74,43M","0,49%"
"29/08/2024","5.075","5.050","5.075","5.000","42,50M","1,00%"
"28/08/2024","5.025","5.150","5.150","5.000","64,09M","-2,43%"
"27/08/2024","5.150","5.150","5.175","5.075","30,48M","0,00%"
"26/08/2024","5.150","5.125","5.200","5.125","30,54M","0,98%"
"23/08/2024","5.100","5.050","5.175","5.050","52,28M","2,00%"
"22/08/2024","5.000","5.025","5.050","4.990","63,18M","-1,48%"
"21/08/2024","5.075","5.150","5.225","5.075","94,50M","-0,98%"
"20/08/2024","5.125","5.050","5.150","5.025","94,49M","1,99%"
"19/08/2024","5.025","4.970","5.050","4.940","54,30M","1,11%"
"16/08/2024","4.970","4.900","4.990","4.900","65,50M","1,64%"
"15/08/2024","4.890","4.890","4.920","4.840","46,69M","0,00%"
"14/08/2024","4.890","4.800","4.930","4.770","91,87M","2,73%"
"13/08/2024","4.760","4.800","4.800","4.740","43,90M","0,00%"
"12/08/2024","4.760","4.760","4.780","4.720","34,03M","0,00%"
"09/08/2024","4.760","4.760","4.790","4.730","44,49M","0,42%"
"08/08/2024","4.740","4.620","4.750","4.600","116,39M","2,38%"
"07/08/2024","4.630","4.600","4.630","4.560","72,51M","0,43%"
"06/08/2024","4.610","4.600","4.620","4.540","56,75M","1,10%"
"05/08/2024","4.560","4.640","4.650","4.520","93,95M","-2,77%"
"02/08/2024","4.690","4.710","4.740","4.670","47,51M","-1,05%"
"01/08/2024","4.740","4.700","4.740","4.660","50,78M","0,42%"
"31/07/2024","4.720","4.620","4.730","4.590","170,41M","3,96%"
"30/07/2024","4.540","4.610","4.610","4.520","41,80M","-1,52%"
"29/07/2024","4.610","4.620","4.630","4.580","42,23M","0,00%"
"26/07/2024","4.610","4.500","4.620","4.500","92,24M","2,67%"
"25/07/2024","4.490","4.530","4.530","4.450","40,36M","-0,88%"
"24/07/2024","4.530","4.470","4.560","4.460","50,74M","1,80%"
"23/07/2024","4.450","4.510","4.530","4.450","46,43M","-1,55%"
"22/07/2024","4.520","4.530","4.540","4.480","33,13M","-0,22%"
"19/07/2024","4.530","4.520","4.540","4.480","40,79M","-0,22%"
"18/07/2024","4.540","4.470","4.540","4.460","54,18M","1,79%"
"17/07/2024","4.460","4.420","4.470","4.400","49,38M","1,83%"
"16/07/2024","4.380","4.480","4.490","4.380","83,81M","-2,01%"
"15/07/2024","4.470","4.540","4.550","4.460","53,23M","-1,54%"
"12/07/2024","4.540","4.510","4.570","4.500","60,56M","0,67%"
"11/07/2024","4.510","4.550","4.600","4.500","71,16M","-0,66%"
"10/07/2024","4.540","4.570","4.580","4.520","44,56M","-0,44%"
"09/07/2024","4.560","4.620","4.620","4.540","84,78M","-1,72%"
"08/07/2024","4.640","4.600","4.640","4.560","69,54M","1,31%"
"05/07/2024","4.580","4.570","4.610","4.540","53,20M","0,66%"
"04/07/2024","4.550","4.580","4.610","4.550","44,76M","-0,44%"
"03/07/2024","4.570","4.550","4.580","4.520","30,74M","0,88%"
"02/07/2024","4.530","4.610","4.620","4.510","72,23M","-1,95%"
"01/07/2024","4.620","4.490","4.620","4.490","141,63M","3,59%"
"28/06/2024","4.460","4.430","4.560","4.430","127,29M","0,68%"
"27/06/2024","4.430","4.430","4.440","4.400","21,78M","0,23%"
"26/06/2024","4.420","4.400","4.450","4.370","38,40M","0,45%"
"25/06/2024","4.400","4.440","4.440","4.360","50,39M","-0,68%"
"24/06/2024","4.430","4.480","4.500","4.410","36,68M","-1,34%"
"21/06/2024","4.490","4.450","4.530","4.410","99,02M","0,90%"
"20/06/2024","4.450","4.440","4.470","4.360","35,16M","0,00%"
"19/06/2024","4.450","4.450","4.510","4.420","48,73M","0,68%"
"14/06/2024","4.420","4.480","4.530","4.410","57,97M","-0,90%"
"13/06/2024","4.460","4.410","4.480","4.400","55,82M","2,29%"
"12/06/2024","4.360","4.350","4.410","4.290","65,67M","0,23%"
"11/06/2024","4.350","4.500","4.500","4.350","71,23M","-3,55%"
"10/06/2024","4.510","4.560","4.560","4.500","19,93M","-1,10%"
"07/06/2024","4.560","4.550","4.570","4.530","34,03M","0,00%"
"06/06/2024","4.560","4.620","4.620","4.530","43,63M","-0,87%"
"05/06/2024","4.600","4.560","4.640","4.550","69,54M","0,44%"
"04/06/2024","4.580","4.510","4.630","4.480","92,68M","1,78%"
"03/06/2024","4.500","4.330","4.530","4.330","77,44M","4,90%"
"31/05/2024","4.290","4.340","4.370","4.290","144,59M","-0,69%"
"30/05/2024","4.320","4.450","4.450","4.310","112,64M","-3,14%"
"29/05/2024","4.460","4.800","4.800","4.370","148,81M","-1,11%"
"28/05/2024","4.510","4.560","4.600","4.510","42,54M","-0,88%"
"27/05/2024","4.550","4.700","4.720","4.550","86,05M","-3,40%"
"22/05/2024","4.710","4.720","4.730","4.700","25,93M","0,21%"
"21/05/2024","4.700","4.750","4.770","4.700","57,58M","-0,84%"
"20/05/2024","4.740","4.800","4.830","4.730","58,02M","-1,25%"
"17/05/2024","4.800","4.710","4.810","4.690","101,49M","1,91%"
"16/05/2024","4.710","4.590","4.720","4.540","149,04M","3,97%"
"15/05/2024","4.530","4.570","4.620","4.530","109,96M","-1,09%"
"14/05/2024","4.580","4.680","4.690","4.580","264,54M","-9,75%"
"13/05/2024","5.075","5.150","5.175","5.075","143,32M","-0,98%"
"08/05/2024","5.125","5.075","5.150","5.000","86,74M","1,49%"
"07/05/2024","5.050","5.100","5.125","5.025","58,78M","-0,98%"
"06/05/2024","5.100","5.250","5.250","5.075","70,40M","-2,39%"
"03/05/2024","5.225","5.225","5.250","5.200","44,30M","0,97%"
"02/05/2024","5.175","5.225","5.275","5.175","100,89M","0,49%"
"30/04/2024","5.150","5.050","5.225","4.980","142,63M","2,49%"
"29/04/2024","5.025","4.920","5.050","4.900","68,30M","2,97%"
"26/04/2024","4.880","4.980","4.980","4.880","70,88M","-1,41%"
"25/04/2024","4.950","4.910","4.980","4.910","52,14M","0,81%"
"24/04/2024","4.910","5.000","5.050","4.910","65,80M","-2,29%"
"23/04/2024","5.025","4.990","5.075","4.990","49,49M","1,52%"
"22/04/2024","4.950","4.940","4.990","4.940","57,69M","1,02%"
"19/04/2024","4.900","5.050","5.075","4.870","185,01M","-3,92%"
"18/04/2024","5.100","5.150","5.150","5.050","81,58M","-0,49%"
"17/04/2024","5.125","5.150","5.175","5.100","47,21M","0,49%"
"16/04/2024","5.100","5.175","5.225","5.100","137,26M","-3,32%"
"05/04/2024","5.275","5.150","5.325","5.150","59,19M","1,93%"
"04/04/2024","5.175","5.250","5.250","5.150","48,41M","-1,43%"
"03/04/2024","5.250","5.275","5.275","5.200","39,26M","-0,47%"
"02/04/2024","5.275","5.225","5.275","5.175","41,03M","1,44%"
"01/04/2024","5.200","5.175","5.225","5.150","42,83M","0,97%"
"28/03/2024","5.150","5.275","5.275","5.100","107,12M","-2,37%"
"27/03/2024","5.275","5.300","5.325","5.250","47,17M","-0,47%"
"26/03/2024","5.300","5.350","5.375","5.250","57,18M","-0,93%"
"25/03/2024","5.350","5.375","5.425","5.325","39,76M","-0,47%"
"22/03/2024","5.375","5.375","5.375","5.325","55,09M","0,47%"
"21/03/2024","5.350","5.300","5.400","5.275","67,35M","1,42%"
"20/03/2024","5.275","5.225","5.275","5.225","56,19M","0,96%"
"19/03/2024","5.225","5.150","5.250","5.150","48,40M","1,46%"
"18/03/2024","5.150","5.200","5.250","5.150","50,94M","-0,48%"
"15/03/2024","5.175","5.300","5.300","5.175","164,22M","-1,90%"
"14/03/2024","5.275","5.175","5.300","5.150","79,47M","2,43%"
"13/03/2024","5.150","5.150","5.200","5.125","63,67M","0,00%"
"08/03/2024","5.150","5.150","5.175","5.125","39,98M","0,49%"
"07/03/2024","5.125","5.175","5.200","5.100","55,24M","-0,97%"
"06/03/2024","5.175","5.125","5.200","5.100","29,21M","1,47%"
"05/03/2024","5.100","5.225","5.225","5.100","53,17M","-1,92%"
"04/03/2024","5.200","5.250","5.275","5.175","57,12M","-0,48%"
"01/03/2024","5.225","5.225","5.275","5.150","64,84M","0,00%"
"29/02/2024","5.225","5.250","5.300","5.200","86,12M","0,00%"
"28/02/2024","5.225","5.325","5.425","5.200","225,20M","0,97%"
"27/02/2024","5.175","5.125","5.175","5.050","46,56M","0,98%"
"26/02/2024","5.125","5.150","5.200","5.075","56,88M","0,00%"
"23/02/2024","5.125","5.250","5.275","5.100","81,21M","-2,84%"
"22/02/2024","5.275","5.275","5.300","5.275","41,94M","0,48%"
"21/02/2024","5.250","5.200","5.300","5.175","68,38M","0,96%"
"20/02/2024","5.200","5.125","5.250","5.125","41,62M","1,46%"
"19/02/2024","5.125","5.200","5.250","5.075","89,71M","-1,44%"
"16/02/2024","5.200","5.125","5.200","5.100","75,50M","1,46%"
"15/02/2024","5.125","5.325","5.325","5.075","124,12M","-1,44%"
"13/02/2024","5.200","5.300","5.300","5.150","63,69M","-1,89%"
"12/02/2024","5.300","5.300","5.350","5.225","85,85M","-0,47%"
"07/02/2024","5.325","5.250","5.325","5.250","68,97M","1,43%"
"06/02/2024","5.250","5.175","5.275","5.150","46,26M","1,45%"
"05/02/2024","5.175","5.325","5.350","5.150","88,83M","-2,82%"
"02/02/2024","5.325","5.150","5.325","5.125","104,84M","3,90%"
"01/02/2024","5.125","5.100","5.175","5.075","55,48M","0,00%"
"31/01/2024","5.125","5.125","5.150","5.050","79,34M","0,49%"
"30/01/2024","5.100","4.920","5.175","4.900","165,69M","3,45%"
"29/01/2024","4.930","5.075","5.075","4.910","132,82M","-2,86%"
"26/01/2024","5.075","5.050","5.075","4.990","71,86M","0,50%"
"25/01/2024","5.050","5.075","5.150","5.025","81,03M","-0,49%"
"24/01/2024","5.075","5.150","5.175","4.980","246,29M","-0,98%"
"23/01/2024","5.125","5.150","5.200","5.075","176,61M","-1,91%"
"22/01/2024","5.225","5.350","5.425","5.225","169,97M","-2,34%"
"19/01/2024","5.350","5.375","5.400","5.300","52,87M","-0,47%"
"18/01/2024","5.375","5.400","5.400","5.325","71,52M","-0,46%"
"17/01/2024","5.400","5.500","5.525","5.350","114,59M","-1,82%"
"16/01/2024","5.500","5.525","5.525","5.475","44,84M","-0,45%"
"15/01/2024","5.525","5.600","5.625","5.500","79,94M","-1,34%"
"12/01/2024","5.600","5.550","5.625","5.550","28,82M","0,90%"
"11/01/2024","5.550","5.550","5.625","5.525","44,79M","0,45%"
"10/01/2024","5.525","5.500","5.575","5.450","75,42M","-0,90%"
"09/01/2024","5.575","5.600","5.600","5.525","36,78M","0,00%"
"08/01/2024","5.575","5.625","5.675","5.550","39,61M","-0,89%"
"05/01/2024","5.625","5.725","5.750","5.625","39,17M","-1,32%"
"04/01/2024","5.700","5.600","5.750","5.600","59,40M","1,79%"
"03/01/2024","5.600","5.700","5.700","5.600","37,19M","-1,75%"
"02/01/2024","5.700","5.625","5.700","5.575","36,48M","0,88%"
"29/12/2023","5.650","5.600","5.675","5.575","36,25M","0,89%"
"28/12/2023","5.600","5.575","5.600","5.550","31,64M","0,90%"
"27/12/2023","5.550","5.550","5.575","5.500","36,42M","0,00%"
"22/12/2023","5.550","5.550","5.600","5.500","38,06M","0,00%"
"21/12/2023","5.550","5.600","5.600","5.475","114,75M","-1,33%"
"20/12/2023","5.625","5.650","5.700","5.625","27,18M","0,00%"
"19/12/2023","5.625","5.625","5.650","5.600","43,01M","0,45%"
"18/12/2023","5.600","5.650","5.650","5.550","39,13M","-0,88%"
"15/12/2023","5.650","5.625","5.700","5.600","93,58M","0,44%"
"14/12/2023","5.625","5.600","5.650","5.575","72,01M","1,81%"
"13/12/2023","5.525","5.550","5.600","5.525","31,20M","-0,90%"
"12/12/2023","5.575","5.675","5.675","5.550","19,27M","-0,45%"
"11/12/2023","5.600","5.650","5.675","5.525","39,51M","-1,32%"
"08/12/2023","5.675","5.675","5.700","5.625","26,97M","0,00%"
"07/12/2023","5.675","5.750","5.750","5.600","40,60M","-0,87%"
"06/12/2023","5.725","5.700","5.825","5.700","41,36M","0,00%"
"05/12/2023","5.725","5.775","5.800","5.675","25,79M","-0,43%"
"04/12/2023","5.750","5.750","5.825","5.725","57,59M","0,00%"
"01/12/2023","5.750","5.450","5.750","5.450","145,37M","6,48%"
"30/11/2023","5.400","5.575","5.575","5.400","161,68M","-2,26%"
"29/11/2023","5.525","5.600","5.650","5.525","75,07M","-0,45%"
"28/11/2023","5.550","5.675","5.675","5.550","86,91M","-1,33%"
"27/11/2023","5.625","5.725","5.750","5.600","63,36M","-1,75%"
"24/11/2023","5.725","5.700","5.750","5.700","12,54M","0,44%"
"23/11/2023","5.700","5.675","5.725","5.675","43,43M","0,44%"
"22/11/2023","5.675","5.775","5.775","5.650","36,33M","-1,73%"
"21/11/2023","5.775","5.800","5.850","5.750","17,15M","-0,43%"
"20/11/2023","5.800","5.725","5.850","5.700","28,40M","1,75%"
"17/11/2023","5.700","5.800","5.825","5.700","27,12M","-2,15%"
"16/11/2023","5.825","5.750","5.825","5.725","26,80M","1,30%"
"15/11/2023","5.750","5.750","5.850","5.700","34,81M","1,32%"
"14/11/2023","5.675","5.675","5.725","5.650","12,07M","0,44%"
"13/11/2023","5.650","5.825","5.825","5.650","26,98M","-2,16%"
"10/11/2023","5.775","5.725","5.775","5.725","15,23M","0,43%"
"09/11/2023","5.750","5.775","5.825","5.725","20,42M","0,44%"
"08/11/2023","5.725","5.800","5.825","5.675","38,38M","-1,72%"
"07/11/2023","5.825","5.925","5.950","5.775","30,30M","-1,69%"
"06/11/2023","5.925","5.925","5.950","5.900","29,76M","0,42%"
"03/11/2023","5.900","5.850","5.925","5.825","43,40M","1,72%"
"02/11/2023","5.800","5.850","5.900","5.800","46,17M","0,00%"
"01/11/2023","5.800","5.900","6.000","5.800","91,84M","0,43%"
"31/10/2023","5.775","5.850","5.900","5.775","46,12M","-0,43%"
"30/10/2023","5.800","5.750","5.825","5.675","17,82M","1,31%"
"27/10/2023","5.725","5.750","5.775","5.725","35,33M","0,00%"
"26/10/2023","5.725","5.775","5.800","5.675","18,97M","-0,87%"
"25/10/2023","5.775","5.825","5.925","5.775","51,54M","-0,43%"
"24/10/2023","5.800","5.600","5.850","5.600","57,28M","3,57%"
"23/10/2023","5.600","5.725","5.750","5.600","57,52M","-1,75%"
"20/10/2023","5.700","5.675","5.750","5.650","65,94M","-0,44%"
"19/10/2023","5.725","5.825","5.850","5.700","60,26M","-1,72%"
"18/10/2023","5.825","5.850","6.000","5.825","176,65M","-0,43%"
"17/10/2023","5.850","5.875","5.925","5.850","40,30M","0,00%"
"16/10/2023","5.850","5.925","5.975","5.825","63,07M","-2,09%"
"13/10/2023","5.975","6.000","6.025","5.950","32,79M","0,42%"
"12/10/2023","5.950","6.000","6.025","5.950","71,95M","-1,65%"
"11/10/2023","6.050","6.075","6.125","6.050","45,96M","0,00%"
"10/10/2023","6.050","6.175","6.175","6.050","42,68M","-1,22%"
"09/10/2023","6.125","6.150","6.225","6.100","43,72M","0,82%"
"06/10/2023","6.075","6.050","6.150","6.050","18,10M","0,83%"
"05/10/2023","6.025","6.125","6.175","6.025","55,92M","-0,82%"
"04/10/2023","6.075","6.175","6.200","6.050","55,50M","-2,02%"
"03/10/2023","6.200","6.275","6.300","6.200","26,14M","-1,20%"
"02/10/2023","6.275","6.275","6.350","6.250","23,88M","0,80%"
"29/09/2023","6.225","6.250","6.275","6.200","21,19M","1,22%"
"27/09/2023","6.150","6.200","6.250","6.125","31,69M","-0,81%"
"26/09/2023","6.200","6.225","6.300","6.200","43,22M","-0,80%"
"25/09/2023","6.250","6.225","6.275","6.200","32,82M","0,81%"
"22/09/2023","6.200","6.200","6.275","6.175","30,61M","0,00%"
"21/09/2023","6.200","6.300","6.325","6.200","46,23M","-1,59%"
"20/09/2023","6.300","6.350","6.400","6.300","39,76M","-0,79%"
"19/09/2023","6.350","6.300","6.375","6.275","38,42M","0,79%"
"18/09/2023","6.300","6.275","6.325","6.250","35,52M","0,00%"
"15/09/2023","6.300","6.250","6.325","6.200","132,20M","-0,40%"
"14/09/2023","6.325","6.325","6.375","6.250","40,26M","0,40%"
"13/09/2023","6.300","6.325","6.325","6.225","40,04M","0,00%"
"12/09/2023","6.300","6.375","6.375","6.300","30,23M","-1,18%"
"11/09/2023","6.375","6.400","6.425","6.300","33,42M","-0,39%"
"08/09/2023","6.400","6.450","6.450","6.350","32,42M","0,00%"
"07/09/2023","6.400","6.475","6.500","6.350","49,92M","-1,92%"
"06/09/2023","6.525","6.575","6.625","6.525","18,42M","-1,14%"
"05/09/2023","6.600","6.600","6.650","6.550","23,07M","0,00%"
"04/09/2023","6.600","6.575","6.600","6.525","17,38M","0,76%"
"01/09/2023","6.550","6.475","6.575","6.475","26,07M","1,55%"
"31/08/2023","6.450","6.450","6.475","6.400","44,50M","0,00%"
"30/08/2023","6.450","6.450","6.525","6.400","41,99M","0,78%"
"29/08/2023","6.400","6.450","6.450","6.375","29,94M","-0,39%"
"28/08/2023","6.425","6.500","6.500","6.400","14,87M","-0,39%"
"25/08/2023","6.450","6.475","6.500","6.400","35,67M","-0,39%"
"24/08/2023","6.475","6.550","6.600","6.475","33,28M","-1,15%"
"23/08/2023","6.550","6.550","6.600","6.525","27,62M","0,00%"
"22/08/2023","6.550","6.450","6.600","6.450","37,70M","1,16%"
"21/08/2023","6.475","6.525","6.550","6.425","34,70M","-0,77%"
"18/08/2023","6.525","6.675","6.700","6.500","69,00M","-3,33%"
"16/08/2023","6.750","6.675","6.750","6.650","40,50M","0,37%"
"15/08/2023","6.725","6.725","6.775","6.675","32,39M","-1,10%"
"14/08/2023","6.800","6.700","6.800","6.700","27,62M","0,74%"
"11/08/2023","6.750","6.750","6.775","6.650","42,32M","0,00%"
"10/08/2023","6.750","6.850","6.875","6.750","32,08M","-1,82%"
"09/08/2023","6.875","6.850","6.875","6.825","13,78M","0,36%"
"08/08/2023","6.850","6.850","6.900","6.825","24,13M","-0,36%"
"07/08/2023","6.875","6.825","6.900","6.750","32,61M","1,10%"
"04/08/2023","6.800","6.825","6.850","6.750","16,65M","-0,37%"
"03/08/2023","6.825","6.800","6.900","6.775","29,27M","-0,36%"
"02/08/2023","6.850","6.825","6.850","6.775","29,46M","-0,36%"
"01/08/2023","6.875","6.875","6.900","6.800","29,43M","0,36%"
"31/07/2023","6.850","6.750","6.950","6.725","87,83M","3,40%"
"28/07/2023","6.625","6.500","6.625","6.475","28,29M","1,53%"
"27/07/2023","6.525","6.600","6.600","6.500","27,82M","-1,14%"
"26/07/2023","6.600","6.575","6.625","6.500","38,60M","1,54%"
"25/07/2023","6.500","6.600","6.625","6.500","23,96M","-0,76%"
"24/07/2023","6.550","6.400","6.600","6.400","40,83M","1,55%"
"21/07/2023","6.450","6.500","6.525","6.375","64,04M","-1,15%"
"20/07/2023","6.525","6.575","6.575","6.450","64,07M","-0,76%"
"18/07/2023","6.575","6.675","6.700","6.475","78,11M","-1,50%"
"17/07/2023","6.675","6.750","6.775","6.675","41,70M","-1,11%"
"14/07/2023","6.750","6.775","6.825","6.700","56,06M","-0,74%"
"13/07/2023","6.800","6.775","6.825","6.750","31,30M","0,37%"
"12/07/2023","6.775","6.775","6.825","6.750","29,21M","-0,37%"
"11/07/2023","6.800","6.775","6.800","6.750","32,95M","0,37%"
"10/07/2023","6.775","6.825","6.825","6.775","15,30M","-0,73%"
"07/07/2023","6.825","6.775","6.825","6.750","28,76M","0,37%"
"06/07/2023","6.800","6.775","6.800","6.750","35,47M","0,37%"
"05/07/2023","6.775","6.775","6.775","6.700","34,75M","0,00%"
"04/07/2023","6.775","6.825","6.825","6.700","20,05M","-0,73%"
"03/07/2023","6.825","6.775","6.825","6.750","37,35M","0,74%"
"27/06/2023","6.775","6.800","6.850","6.775","36,42M","-0,37%"
"26/06/2023","6.800","6.800","6.900","6.775","31,73M","0,37%"
"23/06/2023","6.775","6.775","6.825","6.700","32,16M","0,00%"
"22/06/2023","6.775","6.875","6.900","6.775","51,20M","-2,17%"
"21/06/2023","6.925","6.775","6.975","6.750","37,66M","1,84%"
"20/06/2023","6.800","6.825","6.850","6.775","24,39M","-1,09%"
"19/06/2023","6.875","6.800","6.875","6.775","12,51M","0,36%"
"16/06/2023","6.850","6.850","6.875","6.775","63,89M","-0,36%"
"15/06/2023","6.875","6.900","6.900","6.825","16,41M","-0,36%"
"14/06/2023","6.900","6.750","6.900","6.750","34,15M","2,22%"
"13/06/2023","6.750","6.775","6.825","6.750","23,91M","-0,37%"
"12/06/2023","6.775","6.800","6.800","6.675","37,56M","-0,37%"
"09/06/2023","6.800","6.750","6.800","6.700","24,89M","0,37%"
"08/06/2023","6.775","6.725","6.775","6.700","32,70M","-0,37%"
"07/06/2023","6.800","6.800","6.850","6.675","70,09M","0,00%"
"06/06/2023","6.800","6.800","6.925","6.750","65,29M","-0,37%"
"05/06/2023","6.825","6.525","7.000","6.500","200,25M","5,81%"
"31/05/2023","6.450","6.500","6.600","6.450","97,41M","-0,77%"
"30/05/2023","6.500","6.575","6.600","6.500","27,80M","-1,52%"
"29/05/2023","6.600","6.625","6.625","6.475","27,94M","0,00%"
"26/05/2023","6.600","6.600","6.600","6.525","25,36M","0,00%"
"25/05/2023","6.600","6.700","6.700","6.525","38,01M","-1,12%"
"24/05/2023","6.675","6.575","6.675","6.500","48,54M","1,14%"
"23/05/2023","6.600","6.600","6.650","6.550","38,96M","0,00%"
"22/05/2023","6.600","6.525","6.650","6.425","63,80M","1,93%"
"19/05/2023","6.475","6.400","6.550","6.350","68,30M","2,37%"
"17/05/2023","6.325","6.350","6.350","6.275","29,48M","0,80%"
"16/05/2023","6.275","6.350","6.400","6.250","21,77M","-1,18%"
"15/05/2023","6.350","6.275","6.350","6.175","35,44M","2,01%"
"12/05/2023","6.225","6.225","6.275","6.175","57,83M","-0,40%"
"11/05/2023","6.250","6.350","6.350","6.175","39,67M","-1,19%"
"10/05/2023","6.325","6.350","6.425","6.300","52,41M","0,00%"
"09/05/2023","6.325","6.125","6.325","6.075","96,94M","3,27%"
"08/05/2023","6.125","6.150","6.175","6.050","95,09M","-0,41%"
"05/05/2023","6.150","6.150","6.150","6.150","73,80M","-6,82%"
"04/05/2023","6.600","6.600","6.625","6.550","113,08M","-0,38%"
"03/05/2023","6.625","6.700","6.725","6.550","92,19M","-0,75%"
"02/05/2023","6.675","6.775","6.775","6.600","74,81M","-1,11%"
"28/04/2023","6.750","6.700","6.750","6.675","64,98M","0,75%"
"27/04/2023","6.700","6.675","6.725","6.625","60,24M","0,00%"
"26/04/2023","6.700","6.625","6.700","6.500","182,92M","4,28%"
"18/04/2023","6.425","6.275","6.475","6.275","102,29M","3,21%"
"17/04/2023","6.225","6.200","6.275","6.200","33,97M","0,40%"
"14/04/2023","6.200","6.275","6.300","6.200","38,51M","-0,80%"
"13/04/2023","6.250","6.225","6.275","6.175","47,25M","0,00%"
"12/04/2023","6.250","6.150","6.300","6.125","115,10M","2,88%"
"11/04/2023","6.075","5.950","6.100","5.925","37,70M","1,67%"
"10/04/2023","5.975","5.950","5.975","5.875","34,69M","0,84%"
"06/04/2023","5.925","6.000","6.000","5.925","33,37M","-1,25%"
"05/04/2023","6.000","6.025","6.050","5.975","27,56M","-0,41%"
"04/04/2023","6.025","6.025","6.050","5.950","28,89M","0,42%"
"03/04/2023","6.000","6.050","6.100","5.975","40,23M","0,00%"
"31/03/2023","6.000","5.950","6.025","5.925","40,65M","1,69%"
"30/03/2023","5.900","5.975","5.975","5.900","40,19M","-0,84%"
"29/03/2023","5.950","5.850","6.050","5.850","69,66M","1,71%"
"28/03/2023","5.850","5.900","5.925","5.850","36,10M","-0,43%"
"27/03/2023","5.875","5.950","5.975","5.875","32,50M","-1,26%"
"24/03/2023","5.950","5.925","6.000","5.900","76,20M","1,28%"
"21/03/2023","5.875","5.850","5.975","5.850","35,45M","0,00%"
"20/03/2023","5.875","5.850","5.900","5.800","22,16M","0,43%"
"17/03/2023","5.850","5.875","5.925","5.850","51,33M","0,00%"
"16/03/2023","5.850","5.775","5.875","5.675","30,24M","1,30%"
"15/03/2023","5.775","5.850","5.875","5.775","33,27M","0,00%"
"14/03/2023","5.775","5.900","5.925","5.750","57,21M","-2,53%"
"13/03/2023","5.925","5.900","5.975","5.850","28,40M","-0,84%"
"10/03/2023","5.975","5.975","6.000","5.900","33,34M","-0,83%"
"09/03/2023","6.025","5.975","6.050","5.950","23,10M","1,69%"
"08/03/2023","5.925","5.900","5.975","5.875","35,04M","-0,42%"
"07/03/2023","5.950","6.050","6.075","5.900","38,12M","-2,06%"
"06/03/2023","6.075","6.100","6.125","6.050","22,19M","0,41%"
"03/03/2023","6.050","6.150","6.150","6.025","32,82M","-1,63%"
"02/03/2023","6.150","6.150","6.175","6.075","27,12M","0,00%"
"01/03/2023","6.150","6.100","6.175","6.050","49,85M","0,82%"
"28/02/2023","6.100","6.200","6.275","6.100","154,67M","5,17%"
"27/02/2023","5.800","5.725","5.800","5.700","24,93M","0,87%"
"24/02/2023","5.750","5.675","5.800","5.650","34,56M","1,77%"
"23/02/2023","5.650","5.650","5.700","5.575","33,44M","0,44%"
"22/02/2023","5.625","5.550","5.650","5.550","30,70M","0,90%"
"21/02/2023","5.575","5.600","5.650","5.550","26,99M","-0,45%"
"20/02/2023","5.600","5.675","5.700","5.575","30,86M","-1,32%"
"17/02/2023","5.675","5.700","5.725","5.625","26,85M","-0,44%"
"16/02/2023","5.700","5.700","5.700","5.625","19,02M","0,44%"
"15/02/2023","5.675","5.725","5.725","5.575","44,34M","-0,87%"
"14/02/2023","5.725","5.750","5.800","5.700","26,98M","0,00%"
"13/02/2023","5.725","5.700","5.750","5.675","19,77M","0,44%"
"10/02/2023","5.700","5.600","5.700","5.550","71,16M","0,44%"
"09/02/2023","5.675","5.825","5.850","5.675","38,97M","-2,16%"
"08/02/2023","5.800","5.875","5.900","5.775","27,24M","-1,28%"
"07/02/2023","5.875","5.825","5.925","5.825","29,54M","0,43%"
"06/02/2023","5.850","5.875","5.900","5.825","31,13M","-0,43%"
"03/02/2023","5.875","5.975","5.975","5.875","24,68M","-0,84%"
"02/02/2023","5.925","5.950","5.975","5.875","24,34M","-1,25%"
"01/02/2023","6.000","6.000","6.000","5.925","35,36M","0,00%"
"31/01/2023","6.000","5.925","6.025","5.900","74,75M","2,13%"
"30/01/2023","5.875","5.875","5.900","5.775","46,67M","0,00%"
"27/01/2023","5.875","5.925","5.950","5.875","26,36M","-0,42%"
"26/01/2023","5.900","5.925","5.950","5.850","40,17M","-0,84%"
"25/01/2023","5.950","5.900","5.950","5.850","15,30M","0,42%"
"24/01/2023","5.925","5.900","5.950","5.850","25,15M","0,42%"
"20/01/2023","5.900","5.875","5.900","5.775","49,29M","0,85%"
"19/01/2023","5.850","5.650","5.875","5.650","88,54M","3,54%"
"18/01/2023","5.650","5.550","5.650","5.550","28,13M","1,80%"
"17/01/2023","5.550","5.600","5.650","5.500","67,00M","-0,89%"
"16/01/2023","5.600","5.525","5.600","5.475","43,51M","2,75%"
"13/01/2023","5.450","5.375","5.500","5.300","52,06M","1,87%"
"12/01/2023","5.350","5.200","5.375","5.200","58,57M","2,39%"
"11/01/2023","5.225","5.325","5.350","5.200","64,23M","-1,88%"
"10/01/2023","5.325","5.375","5.375","5.275","54,32M","-0,47%"
"09/01/2023","5.350","5.500","5.500","5.275","63,48M","-1,83%"
"06/01/2023","5.450","5.400","5.525","5.350","59,75M","1,40%"
"05/01/2023","5.375","5.650","5.700","5.375","106,05M","-5,29%"
"04/01/2023","5.675","5.650","5.700","5.625","32,58M","0,44%"
"03/01/2023","5.650","5.675","5.700","5.625","23,04M","-0,88%"
"02/01/2023","5.700","5.725","5.725","5.625","13,30M","0,00%"
"30/12/2022","5.700","5.675","5.750","5.650","36,38M","0,88%"
"29/12/2022","5.650","5.600","5.675","5.550","32,24M","0,44%"
"28/12/2022","5.625","5.725","5.725","5.575","32,20M","-0,88%"
"27/12/2022","5.675","5.700","5.750","5.650","16,61M","0,44%"
"26/12/2022","5.650","5.675","5.725","5.625","13,57M","-0,44%"
"23/12/2022","5.675","5.750","5.775","5.650","31,97M","-1,73%"
"22/12/2022","5.775","5.700","5.775","5.675","24,97M","1,32%"
"21/12/2022","5.700","5.700","5.725","5.650","34,95M","0,00%"
"20/12/2022","5.700","5.675","5.750","5.675","25,90M","0,00%"
"19/12/2022","5.700","5.850","5.850","5.650","52,08M","-1,30%"
"16/12/2022","5.775","5.775","5.800","5.700","66,06M","-0,43%"
"15/12/2022","5.800","5.825","5.850","5.750","52,25M","-0,43%"
"14/12/2022","5.825","5.925","5.950","5.775","78,79M","0,00%"
"13/12/2022","5.825","5.700","5.900","5.675","102,75M","2,64%"
"12/12/2022","5.675","5.675","5.725","5.625","78,44M","0,00%"
"09/12/2022","5.675","5.700","5.750","5.650","48,92M","0,00%"
"08/12/2022","5.675","5.650","5.800","5.550","146,38M","-0,87%"
"07/12/2022","5.725","5.800","5.900","5.700","101,30M","-2,55%"
"06/12/2022","5.875","6.000","6.025","5.800","69,89M","-2,49%"
"05/12/2022","6.025","6.075","6.100","6.000","70,40M","-1,63%"
"02/12/2022","6.125","6.175","6.175","6.050","51,85M","-0,81%"
"01/12/2022","6.175","6.100","6.200","6.100","79,78M","2,07%"
"30/11/2022","6.050","6.050","6.200","6.025","135,76M","0,00%"
"29/11/2022","6.050","6.125","6.150","6.025","115,48M","-2,81%"
"28/11/2022","6.225","6.175","6.275","6.150","33,81M","0,81%"
"25/11/2022","6.175","6.175","6.200","6.125","33,75M","-0,40%"
"24/11/2022","6.200","6.200","6.275","6.200","26,04M","0,00%"
"23/11/2022","6.200","6.275","6.300","6.200","31,87M","-0,40%"
"22/11/2022","6.225","6.325","6.350","6.225","33,10M","-1,58%"
"21/11/2022","6.325","6.275","6.350","6.250","22,99M","1,61%"
"18/11/2022","6.225","6.275","6.300","6.200","29,30M","-1,19%"
"17/11/2022","6.300","6.200","6.300","6.050","35,19M","2,02%"
"16/11/2022","6.175","6.175","6.200","6.100","60,39M","-0,80%"
"15/11/2022","6.225","6.300","6.350","6.200","57,54M","-1,19%"
"14/11/2022","6.300","6.450","6.475","6.300","54,46M","-2,33%"
"11/11/2022","6.450","6.600","6.625","6.450","50,94M","-1,15%"
"10/11/2022","6.525","6.550","6.550","6.450","29,26M","-0,38%"
"09/11/2022","6.550","6.525","6.550","6.475","34,62M","0,38%"
"08/11/2022","6.525","6.500","6.525","6.450","35,25M","0,38%"
"07/11/2022","6.500","6.425","6.500","6.425","33,73M","1,17%"
"04/11/2022","6.425","6.350","6.425","6.350","51,90M","0,78%"
"03/11/2022","6.375","6.375","6.425","6.350","26,04M","-0,78%"
"02/11/2022","6.425","6.525","6.550","6.375","54,18M","-2,28%"
"01/11/2022","6.575","6.650","6.675","6.475","53,72M","-1,13%"
"31/10/2022","6.650","6.550","6.650","6.550","35,24M","1,53%"
"28/10/2022","6.550","6.650","6.650","6.500","23,41M","-1,50%"
"27/10/2022","6.650","6.575","6.675","6.525","30,43M","1,14%"
"26/10/2022","6.575","6.700","6.700","6.575","29,24M","-1,87%"
"25/10/2022","6.700","6.700","6.700","6.600","38,56M","0,75%"
"24/10/2022","6.650","6.575","6.700","6.575","37,20M","1,14%"
"21/10/2022","6.575","6.475","6.675","6.450","52,15M","2,33%"
"20/10/2022","6.425","6.500","6.525","6.400","32,23M","-1,53%"
"19/10/2022","6.525","6.425","6.525","6.400","25,54M","2,76%"
"18/10/2022","6.350","6.450","6.500","6.350","42,60M","-1,17%"
"17/10/2022","6.425","6.325","6.525","6.200","50,71M","1,18%"
"14/10/2022","6.350","6.500","6.500","6.350","46,45M","0,00%"
"13/10/2022","6.350","6.375","6.400","6.275","44,28M","0,00%"
"12/10/2022","6.350","6.450","6.475","6.350","72,79M","-2,68%"
"11/10/2022","6.525","6.400","6.575","6.400","35,32M","0,38%"
"10/10/2022","6.500","6.425","6.525","6.375","34,32M","0,39%"
"07/10/2022","6.475","6.550","6.575","6.450","54,85M","-1,89%"
"06/10/2022","6.600","6.675","6.750","6.600","37,00M","-1,12%"
"05/10/2022","6.675","6.800","6.825","6.675","31,02M","-0,74%"
"04/10/2022","6.725","6.725","6.800","6.700","33,32M","1,51%"
"03/10/2022","6.625","6.650","6.700","6.600","27,28M","0,00%"
"30/09/2022","6.625","6.700","6.750","6.600","71,02M","-2,21%"
"29/09/2022","6.775","6.850","6.900","6.700","36,65M","-0,37%"
"28/09/2022","6.800","6.950","7.000","6.800","50,83M","-2,16%"
"27/09/2022","6.950","7.000","7.050","6.950","42,81M","-0,36%"
"26/09/2022","6.975","7.000","7.025","6.850","61,42M","-2,45%"
"23/09/2022","7.150","7.100","7.175","7.050","22,26M","-0,35%"
"22/09/2022","7.175","7.025","7.225","7.000","26,30M","0,35%"
"21/09/2022","7.150","7.125","7.200","7.100","26,01M","-0,35%"
"20/09/2022","7.175","7.150","7.250","7.100","47,34M","0,70%"
"19/09/2022","7.125","6.950","7.225","6.925","52,23M","3,26%"
"16/09/2022","6.900","7.000","7.050","6.900","65,89M","-2,13%"
"15/09/2022","7.050","7.125","7.225","7.050","63,35M","-1,40%"
"14/09/2022","7.150","7.100","7.300","7.050","56,83M","-0,69%"
"13/09/2022","7.200","7.025","7.225","6.950","70,56M","3,23%"
"12/09/2022","6.975","6.775","6.975","6.725","51,56M","2,95%"
"09/09/2022","6.775","6.675","6.775","6.625","31,90M","1,88%"
"08/09/2022","6.650","6.650","6.750","6.625","39,41M","0,00%"
"07/09/2022","6.650","6.800","6.875","6.625","72,81M","-3,62%"
"06/09/2022","6.900","6.875","6.950","6.850","18,63M","0,36%"
"05/09/2022","6.875","6.900","6.925","6.850","24,95M","-0,72%"
"02/09/2022","6.925","6.950","7.000","6.875","23,48M","0,00%"
"01/09/2022","6.925","6.975","7.025","6.900","36,71M","-0,72%"
"31/08/2022","6.975","6.875","6.975","6.775","55,71M","1,09%"
"30/08/2022","6.900","6.850","7.025","6.850","38,52M","1,10%"
"29/08/2022","6.825","6.800","6.900","6.750","33,58M","-0,73%"
"26/08/2022","6.875","6.975","7.025","6.850","31,12M","-1,43%"
"25/08/2022","6.975","7.050","7.050","6.950","22,79M","-1,06%"
"24/08/2022","7.050","6.925","7.050","6.900","30,61M","1,08%"
"23/08/2022","6.975","6.900","7.025","6.850","56,38M","0,72%"
"22/08/2022","6.925","6.875","6.925","6.800","48,27M","-0,72%"
"19/08/2022","6.975","6.975","7.000","6.900","32,91M","0,00%"
"18/08/2022","6.975","6.975","7.000","6.850","25,19M","0,00%"
"16/08/2022","6.975","6.875","7.050","6.875","61,91M","1,45%"
"15/08/2022","6.875","6.925","6.950","6.800","35,28M","-1,08%"
"12/08/2022","6.950","6.950","7.000","6.850","58,50M","0,00%"
"11/08/2022","6.950","6.975","7.000","6.900","42,01M","1,46%"
"10/08/2022","6.850","6.775","6.850","6.600","37,09M","1,48%"
"09/08/2022","6.750","6.725","6.825","6.700","61,00M","0,75%"
"08/08/2022","6.700","6.625","6.700","6.525","32,97M","1,13%"
"05/08/2022","6.625","6.600","6.650","6.475","46,70M","0,38%"
"04/08/2022","6.600","6.700","6.700","6.450","55,92M","0,00%"
"03/08/2022","6.600","6.450","6.600","6.375","40,67M","1,93%"
"02/08/2022","6.475","6.475","6.475","6.275","53,31M","0,00%"
"01/08/2022","6.475","6.425","6.550","6.350","55,51M","2,37%"
"29/07/2022","6.325","6.150","6.425","6.125","150,29M","4,55%"
"28/07/2022","6.050","6.125","6.150","6.025","51,91M","-0,82%"
"27/07/2022","6.100","6.125","6.125","6.000","35,07M","0,00%"
"26/07/2022","6.100","6.100","6.125","6.075","21,94M","0,41%"
"25/07/2022","6.075","6.050","6.150","6.050","24,67M","0,00%"
"22/07/2022","6.075","6.175","6.175","6.050","37,58M","-1,62%"
"21/07/2022","6.175","6.200","6.250","6.050","55,42M","-1,59%"
"20/07/2022","6.275","6.175","6.275","6.100","70,49M","3,29%"
"19/07/2022","6.075","6.025","6.150","6.025","50,73M","0,83%"
"18/07/2022","6.025","5.975","6.025","5.950","27,62M","1,26%"
"15/07/2022","5.950","6.000","6.075","5.925","32,40M","-2,46%"
"14/07/2022","6.100","5.825","6.100","5.825","59,85M","4,72%"
"13/07/2022","5.825","6.100","6.100","5.825","56,75M","-4,51%"
"12/07/2022","6.100","6.050","6.150","6.050","22,90M","0,83%"
"11/07/2022","6.050","5.975","6.075","5.925","49,95M","1,26%"
"08/07/2022","5.975","6.025","6.075","5.950","78,13M","0,42%"
"07/07/2022","5.950","6.025","6.125","5.900","62,87M","-2,06%"
"06/07/2022","6.075","6.300","6.400","6.050","67,77M","-3,95%"
"05/07/2022","6.325","6.500","6.525","6.325","39,70M","-2,69%"
"04/07/2022","6.500","6.500","6.575","6.300","43,09M","-0,38%"
"01/07/2022","6.525","6.675","6.675","6.500","52,39M","-1,51%"