Tanggal,Terakhir,Pembukaan,Tertinggi,Terendah
2022-07-01,6.525,6.675,6.675,6.5
2022-07-04,6.5,6.5,6.575,6.3
2022-07-05,6.325,6.5,6.525,6.325
2022-07-06,6.075,6.3,6.4,6.05
2022-07-07,5.95,6.025,6.125,5.9
2022-07-08,5.975,6.025,6.075,5.95
2022-07-11,6.05,5.975,6.075,5.925
2022-07-12,6.1,6.05,6.15,6.05
2022-07-13,5.825,6.1,6.1,5.825
2022-07-14,6.1,5.825,6.1,5.825
2022-07-15,5.95,6.0,6.075,5.925
2022-07-18,6.025,5.975,6.025,5.95
2022-07-19,6.075,6.025,6.15,6.025
2022-07-20,6.275,6.175,6.275,6.1
2022-07-21,6.175,6.2,6.25,6.05
2022-07-22,6.075,6.175,6.175,6.05
2022-07-25,6.075,6.05,6.15,6.05
2022-07-26,6.1,6.1,6.125,6.075
2022-07-27,6.1,6.125,6.125,6.0
2022-07-28,6.05,6.125,6.15,6.025
2022-07-29,6.325,6.15,6.425,6.125
2022-08-01,6.475,6.425,6.55,6.35
2022-08-02,6.475,6.475,6.475,6.275
2022-08-03,6.6,6.45,6.6,6.375
2022-08-04,6.6,6.7,6.7,6.45
2022-08-05,6.625,6.6,6.65,6.475
2022-08-08,6.7,6.625,6.7,6.525
2022-08-09,6.75,6.725,6.825,6.7
2022-08-10,6.85,6.775,6.85,6.6
2022-08-11,6.95,6.975,7.0,6.9
2022-08-12,6.95,6.95,7.0,6.85
2022-08-15,6.875,6.925,6.95,6.8
2022-08-16,6.975,6.875,7.05,6.875
2022-08-18,6.975,6.975,7.0,6.85
2022-08-19,6.975,6.975,7.0,6.9
2022-08-22,6.925,6.875,6.925,6.8
2022-08-23,6.975,6.9,7.025,6.85
2022-08-24,7.05,6.925,7.05,6.9
2022-08-25,6.975,7.05,7.05,6.95
2022-08-26,6.875,6.975,7.025,6.85
2022-08-29,6.825,6.8,6.9,6.75
2022-08-30,6.9,6.85,7.025,6.85
2022-08-31,6.975,6.875,6.975,6.775
2022-09-01,6.925,6.975,7.025,6.9
2022-09-02,6.925,6.95,7.0,6.875
2022-09-05,6.875,6.9,6.925,6.85
2022-09-06,6.9,6.875,6.95,6.85
2022-09-07,6.65,6.8,6.875,6.625
2022-09-08,6.65,6.65,6.75,6.625
2022-09-09,6.775,6.675,6.775,6.625
2022-09-12,6.975,6.775,6.975,6.725
2022-09-13,7.2,7.025,7.225,6.95
2022-09-14,7.15,7.1,7.3,7.05
2022-09-15,7.05,7.125,7.225,7.05
2022-09-16,6.9,7.0,7.05,6.9
2022-09-19,7.125,6.95,7.225,6.925
2022-09-20,7.175,7.15,7.25,7.1
2022-09-21,7.15,7.125,7.2,7.1
2022-09-22,7.175,7.025,7.225,7.0
2022-09-23,7.15,7.1,7.175,7.05
2022-09-26,6.975,7.0,7.025,6.85
2022-09-27,6.95,7.0,7.05,6.95
2022-09-28,6.8,6.95,7.0,6.8
2022-09-29,6.775,6.85,6.9,6.7
2022-09-30,6.625,6.7,6.75,6.6
2022-10-03,6.625,6.65,6.7,6.6
2022-10-04,6.725,6.725,6.8,6.7
2022-10-05,6.675,6.8,6.825,6.675
2022-10-06,6.6,6.675,6.75,6.6
2022-10-07,6.475,6.55,6.575,6.45
2022-10-10,6.5,6.425,6.525,6.375
2022-10-11,6.525,6.4,6.575,6.4
2022-10-12,6.35,6.45,6.475,6.35
2022-10-13,6.35,6.375,6.4,6.275
2022-10-14,6.35,6.5,6.5,6.35
2022-10-17,6.425,6.325,6.525,6.2
2022-10-18,6.35,6.45,6.5,6.35
2022-10-19,6.525,6.425,6.525,6.4
2022-10-20,6.425,6.5,6.525,6.4
2022-10-21,6.575,6.475,6.675,6.45
2022-10-24,6.65,6.575,6.7,6.575
2022-10-25,6.7,6.7,6.7,6.6
2022-10-26,6.575,6.7,6.7,6.575
2022-10-27,6.65,6.575,6.675,6.525
2022-10-28,6.55,6.65,6.65,6.5
2022-10-31,6.65,6.55,6.65,6.55
2022-11-01,6.575,6.65,6.675,6.475
2022-11-02,6.425,6.525,6.55,6.375
2022-11-03,6.375,6.375,6.425,6.35
2022-11-04,6.425,6.35,6.425,6.35
2022-11-07,6.5,6.425,6.5,6.425
2022-11-08,6.525,6.5,6.525,6.45
2022-11-09,6.55,6.525,6.55,6.475
2022-11-10,6.525,6.55,6.55,6.45
2022-11-11,6.45,6.6,6.625,6.45
2022-11-14,6.3,6.45,6.475,6.3
2022-11-15,6.225,6.3,6.35,6.2
2022-11-16,6.175,6.175,6.2,6.1
2022-11-17,6.3,6.2,6.3,6.05
2022-11-18,6.225,6.275,6.3,6.2
2022-11-21,6.325,6.275,6.35,6.25
2022-11-22,6.225,6.325,6.35,6.225
2022-11-23,6.2,6.275,6.3,6.2
2022-11-24,6.2,6.2,6.275,6.2
2022-11-25,6.175,6.175,6.2,6.125
2022-11-28,6.225,6.175,6.275,6.15
2022-11-29,6.05,6.125,6.15,6.025
2022-11-30,6.05,6.05,6.2,6.025
2022-12-01,6.175,6.1,6.2,6.1
2022-12-02,6.125,6.175,6.175,6.05
2022-12-05,6.025,6.075,6.1,6.0
2022-12-06,5.875,6.0,6.025,5.8
2022-12-07,5.725,5.8,5.9,5.7
2022-12-08,5.675,5.65,5.8,5.55
2022-12-09,5.675,5.7,5.75,5.65
2022-12-12,5.675,5.675,5.725,5.625
2022-12-13,5.825,5.7,5.9,5.675
2022-12-14,5.825,5.925,5.95,5.775
2022-12-15,5.8,5.825,5.85,5.75
2022-12-16,5.775,5.775,5.8,5.7
2022-12-19,5.7,5.85,5.85,5.65
2022-12-20,5.7,5.675,5.75,5.675
2022-12-21,5.7,5.7,5.725,5.65
2022-12-22,5.775,5.7,5.775,5.675
2022-12-23,5.675,5.75,5.775,5.65
2022-12-26,5.65,5.675,5.725,5.625
2022-12-27,5.675,5.7,5.75,5.65
2022-12-28,5.625,5.725,5.725,5.575
2022-12-29,5.65,5.6,5.675,5.55
2022-12-30,5.7,5.675,5.75,5.65
2023-01-02,5.7,5.725,5.725,5.625
2023-01-03,5.65,5.675,5.7,5.625
2023-01-04,5.675,5.65,5.7,5.625
2023-01-05,5.375,5.65,5.7,5.375
2023-01-06,5.45,5.4,5.525,5.35
2023-01-09,5.35,5.5,5.5,5.275
2023-01-10,5.325,5.375,5.375,5.275
2023-01-11,5.225,5.325,5.35,5.2
2023-01-12,5.35,5.2,5.375,5.2
2023-01-13,5.45,5.375,5.5,5.3
2023-01-16,5.6,5.525,5.6,5.475
2023-01-17,5.55,5.6,5.65,5.5
2023-01-18,5.65,5.55,5.65,5.55
2023-01-19,5.85,5.65,5.875,5.65
2023-01-20,5.9,5.875,5.9,5.775
2023-01-24,5.925,5.9,5.95,5.85
2023-01-25,5.95,5.9,5.95,5.85
2023-01-26,5.9,5.925,5.95,5.85
2023-01-27,5.875,5.925,5.95,5.875
2023-01-30,5.875,5.875,5.9,5.775
2023-01-31,6.0,5.925,6.025,5.9
2023-02-01,6.0,6.0,6.0,5.925
2023-02-02,5.925,5.95,5.975,5.875
2023-02-03,5.875,5.975,5.975,5.875
2023-02-06,5.85,5.875,5.9,5.825
2023-02-07,5.875,5.825,5.925,5.825
2023-02-08,5.8,5.875,5.9,5.775
2023-02-09,5.675,5.825,5.85,5.675
2023-02-10,5.7,5.6,5.7,5.55
2023-02-13,5.725,5.7,5.75,5.675
2023-02-14,5.725,5.75,5.8,5.7
2023-02-15,5.675,5.725,5.725,5.575
2023-02-16,5.7,5.7,5.7,5.625
2023-02-17,5.675,5.7,5.725,5.625
2023-02-20,5.6,5.675,5.7,5.575
2023-02-21,5.575,5.6,5.65,5.55
2023-02-22,5.625,5.55,5.65,5.55
2023-02-23,5.65,5.65,5.7,5.575
2023-02-24,5.75,5.675,5.8,5.65
2023-02-27,5.8,5.725,5.8,5.7
2023-02-28,6.1,6.2,6.275,6.1
2023-03-01,6.15,6.1,6.175,6.05
2023-03-02,6.15,6.15,6.175,6.075
2023-03-03,6.05,6.15,6.15,6.025
2023-03-06,6.075,6.1,6.125,6.05
2023-03-07,5.95,6.05,6.075,5.9
2023-03-08,5.925,5.9,5.975,5.875
2023-03-09,6.025,5.975,6.05,5.95
2023-03-10,5.975,5.975,6.0,5.9
2023-03-13,5.925,5.9,5.975,5.85
2023-03-14,5.775,5.9,5.925,5.75
2023-03-15,5.775,5.85,5.875,5.775
2023-03-16,5.85,5.775,5.875,5.675
2023-03-17,5.85,5.875,5.925,5.85
2023-03-20,5.875,5.85,5.9,5.8
2023-03-21,5.875,5.85,5.975,5.85
2023-03-24,5.95,5.925,6.0,5.9
2023-03-27,5.875,5.95,5.975,5.875
2023-03-28,5.85,5.9,5.925,5.85
2023-03-29,5.95,5.85,6.05,5.85
2023-03-30,5.9,5.975,5.975,5.9
2023-03-31,6.0,5.95,6.025,5.925
2023-04-03,6.0,6.05,6.1,5.975
2023-04-04,6.025,6.025,6.05,5.95
2023-04-05,6.0,6.025,6.05,5.975
2023-04-06,5.925,6.0,6.0,5.925
2023-04-10,5.975,5.95,5.975,5.875
2023-04-11,6.075,5.95,6.1,5.925
2023-04-12,6.25,6.15,6.3,6.125
2023-04-13,6.25,6.225,6.275,6.175
2023-04-14,6.2,6.275,6.3,6.2
2023-04-17,6.225,6.2,6.275,6.2
2023-04-18,6.425,6.275,6.475,6.275
2023-04-26,6.7,6.625,6.7,6.5
2023-04-27,6.7,6.675,6.725,6.625
2023-04-28,6.75,6.7,6.75,6.675
2023-05-02,6.675,6.775,6.775,6.6
2023-05-03,6.625,6.7,6.725,6.55
2023-05-04,6.6,6.6,6.625,6.55
2023-05-05,6.15,6.15,6.15,6.15
2023-05-08,6.125,6.15,6.175,6.05
2023-05-09,6.325,6.125,6.325,6.075
2023-05-10,6.325,6.35,6.425,6.3
2023-05-11,6.25,6.35,6.35,6.175
2023-05-12,6.225,6.225,6.275,6.175
2023-05-15,6.35,6.275,6.35,6.175
2023-05-16,6.275,6.35,6.4,6.25
2023-05-17,6.325,6.35,6.35,6.275
2023-05-19,6.475,6.4,6.55,6.35
2023-05-22,6.6,6.525,6.65,6.425
2023-05-23,6.6,6.6,6.65,6.55
2023-05-24,6.675,6.575,6.675,6.5
2023-05-25,6.6,6.7,6.7,6.525
2023-05-26,6.6,6.6,6.6,6.525
2023-05-29,6.6,6.625,6.625,6.475
2023-05-30,6.5,6.575,6.6,6.5
2023-05-31,6.45,6.5,6.6,6.45
2023-06-05,6.825,6.525,7.0,6.5
2023-06-06,6.8,6.8,6.925,6.75
2023-06-07,6.8,6.8,6.85,6.675
2023-06-08,6.775,6.725,6.775,6.7
2023-06-09,6.8,6.75,6.8,6.7
2023-06-12,6.775,6.8,6.8,6.675
2023-06-13,6.75,6.775,6.825,6.75
2023-06-14,6.9,6.75,6.9,6.75
2023-06-15,6.875,6.9,6.9,6.825
2023-06-16,6.85,6.85,6.875,6.775
2023-06-19,6.875,6.8,6.875,6.775
2023-06-20,6.8,6.825,6.85,6.775
2023-06-21,6.925,6.775,6.975,6.75
2023-06-22,6.775,6.875,6.9,6.775
2023-06-23,6.775,6.775,6.825,6.7
2023-06-26,6.8,6.8,6.9,6.775
2023-06-27,6.775,6.8,6.85,6.775
2023-07-03,6.825,6.775,6.825,6.75
2023-07-04,6.775,6.825,6.825,6.7
2023-07-05,6.775,6.775,6.775,6.7
2023-07-06,6.8,6.775,6.8,6.75
2023-07-07,6.825,6.775,6.825,6.75
2023-07-10,6.775,6.825,6.825,6.775
2023-07-11,6.8,6.775,6.8,6.75
2023-07-12,6.775,6.775,6.825,6.75
2023-07-13,6.8,6.775,6.825,6.75
2023-07-14,6.75,6.775,6.825,6.7
2023-07-17,6.675,6.75,6.775,6.675
2023-07-18,6.575,6.675,6.7,6.475
2023-07-20,6.525,6.575,6.575,6.45
2023-07-21,6.45,6.5,6.525,6.375
2023-07-24,6.55,6.4,6.6,6.4
2023-07-25,6.5,6.6,6.625,6.5
2023-07-26,6.6,6.575,6.625,6.5
2023-07-27,6.525,6.6,6.6,6.5
2023-07-28,6.625,6.5,6.625,6.475
2023-07-31,6.85,6.75,6.95,6.725
2023-08-01,6.875,6.875,6.9,6.8
2023-08-02,6.85,6.825,6.85,6.775
2023-08-03,6.825,6.8,6.9,6.775
2023-08-04,6.8,6.825,6.85,6.75
2023-08-07,6.875,6.825,6.9,6.75
2023-08-08,6.85,6.85,6.9,6.825
2023-08-09,6.875,6.85,6.875,6.825
2023-08-10,6.75,6.85,6.875,6.75
2023-08-11,6.75,6.75,6.775,6.65
2023-08-14,6.8,6.7,6.8,6.7
2023-08-15,6.725,6.725,6.775,6.675
2023-08-16,6.75,6.675,6.75,6.65
2023-08-18,6.525,6.675,6.7,6.5
2023-08-21,6.475,6.525,6.55,6.425
2023-08-22,6.55,6.45,6.6,6.45
2023-08-23,6.55,6.55,6.6,6.525
2023-08-24,6.475,6.55,6.6,6.475
2023-08-25,6.45,6.475,6.5,6.4
2023-08-28,6.425,6.5,6.5,6.4
2023-08-29,6.4,6.45,6.45,6.375
2023-08-30,6.45,6.45,6.525,6.4
2023-08-31,6.45,6.45,6.475,6.4
2023-09-01,6.55,6.475,6.575,6.475
2023-09-04,6.6,6.575,6.6,6.525
2023-09-05,6.6,6.6,6.65,6.55
2023-09-06,6.525,6.575,6.625,6.525
2023-09-07,6.4,6.475,6.5,6.35
2023-09-08,6.4,6.45,6.45,6.35
2023-09-11,6.375,6.4,6.425,6.3
2023-09-12,6.3,6.375,6.375,6.3
2023-09-13,6.3,6.325,6.325,6.225
2023-09-14,6.325,6.325,6.375,6.25
2023-09-15,6.3,6.25,6.325,6.2
2023-09-18,6.3,6.275,6.325,6.25
2023-09-19,6.35,6.3,6.375,6.275
2023-09-20,6.3,6.35,6.4,6.3
2023-09-21,6.2,6.3,6.325,6.2
2023-09-22,6.2,6.2,6.275,6.175
2023-09-25,6.25,6.225,6.275,6.2
2023-09-26,6.2,6.225,6.3,6.2
2023-09-27,6.15,6.2,6.25,6.125
2023-09-29,6.225,6.25,6.275,6.2
2023-10-02,6.275,6.275,6.35,6.25
2023-10-03,6.2,6.275,6.3,6.2
2023-10-04,6.075,6.175,6.2,6.05
2023-10-05,6.025,6.125,6.175,6.025
2023-10-06,6.075,6.05,6.15,6.05
2023-10-09,6.125,6.15,6.225,6.1
2023-10-10,6.05,6.175,6.175,6.05
2023-10-11,6.05,6.075,6.125,6.05
2023-10-12,5.95,6.0,6.025,5.95
2023-10-13,5.975,6.0,6.025,5.95
2023-10-16,5.85,5.925,5.975,5.825
2023-10-17,5.85,5.875,5.925,5.85
2023-10-18,5.825,5.85,6.0,5.825
2023-10-19,5.725,5.825,5.85,5.7
2023-10-20,5.7,5.675,5.75,5.65
2023-10-23,5.6,5.725,5.75,5.6
2023-10-24,5.8,5.6,5.85,5.6
2023-10-25,5.775,5.825,5.925,5.775
2023-10-26,5.725,5.775,5.8,5.675
2023-10-27,5.725,5.75,5.775,5.725
2023-10-30,5.8,5.75,5.825,5.675
2023-10-31,5.775,5.85,5.9,5.775
2023-11-01,5.8,5.9,6.0,5.8
2023-11-02,5.8,5.85,5.9,5.8
2023-11-03,5.9,5.85,5.925,5.825
2023-11-06,5.925,5.925,5.95,5.9
2023-11-07,5.825,5.925,5.95,5.775
2023-11-08,5.725,5.8,5.825,5.675
2023-11-09,5.75,5.775,5.825,5.725
2023-11-10,5.775,5.725,5.775,5.725
2023-11-13,5.65,5.825,5.825,5.65
2023-11-14,5.675,5.675,5.725,5.65
2023-11-15,5.75,5.75,5.85,5.7
2023-11-16,5.825,5.75,5.825,5.725
2023-11-17,5.7,5.8,5.825,5.7
2023-11-20,5.8,5.725,5.85,5.7
2023-11-21,5.775,5.8,5.85,5.75
2023-11-22,5.675,5.775,5.775,5.65
2023-11-23,5.7,5.675,5.725,5.675
2023-11-24,5.725,5.7,5.75,5.7
2023-11-27,5.625,5.725,5.75,5.6
2023-11-28,5.55,5.675,5.675,5.55
2023-11-29,5.525,5.6,5.65,5.525
2023-11-30,5.4,5.575,5.575,5.4
2023-12-01,5.75,5.45,5.75,5.45
2023-12-04,5.75,5.75,5.825,5.725
2023-12-05,5.725,5.775,5.8,5.675
2023-12-06,5.725,5.7,5.825,5.7
2023-12-07,5.675,5.75,5.75,5.6
2023-12-08,5.675,5.675,5.7,5.625
2023-12-11,5.6,5.65,5.675,5.525
2023-12-12,5.575,5.675,5.675,5.55
2023-12-13,5.525,5.55,5.6,5.525
2023-12-14,5.625,5.6,5.65,5.575
2023-12-15,5.65,5.625,5.7,5.6
2023-12-18,5.6,5.65,5.65,5.55
2023-12-19,5.625,5.625,5.65,5.6
2023-12-20,5.625,5.65,5.7,5.625
2023-12-21,5.55,5.6,5.6,5.475
2023-12-22,5.55,5.55,5.6,5.5
2023-12-27,5.55,5.55,5.575,5.5
2023-12-28,5.6,5.575,5.6,5.55
2023-12-29,5.65,5.6,5.675,5.575
2024-01-02,5.7,5.625,5.7,5.575
2024-01-03,5.6,5.7,5.7,5.6
2024-01-04,5.7,5.6,5.75,5.6
2024-01-05,5.625,5.725,5.75,5.625
2024-01-08,5.575,5.625,5.675,5.55
2024-01-09,5.575,5.6,5.6,5.525
2024-01-10,5.525,5.5,5.575,5.45
2024-01-11,5.55,5.55,5.625,5.525
2024-01-12,5.6,5.55,5.625,5.55
2024-01-15,5.525,5.6,5.625,5.5
2024-01-16,5.5,5.525,5.525,5.475
2024-01-17,5.4,5.5,5.525,5.35
2024-01-18,5.375,5.4,5.4,5.325
2024-01-19,5.35,5.375,5.4,5.3
2024-01-22,5.225,5.35,5.425,5.225
2024-01-23,5.125,5.15,5.2,5.075
2024-01-24,5.075,5.15,5.175,4.98
2024-01-25,5.05,5.075,5.15,5.025
2024-01-26,5.075,5.05,5.075,4.99
2024-01-29,4.93,5.075,5.075,4.91
2024-01-30,5.1,4.92,5.175,4.9
2024-01-31,5.125,5.125,5.15,5.05
2024-02-01,5.125,5.1,5.175,5.075
2024-02-02,5.325,5.15,5.325,5.125
2024-02-05,5.175,5.325,5.35,5.15
2024-02-06,5.25,5.175,5.275,5.15
2024-02-07,5.325,5.25,5.325,5.25
2024-02-12,5.3,5.3,5.35,5.225
2024-02-13,5.2,5.3,5.3,5.15
2024-02-15,5.125,5.325,5.325,5.075
2024-02-16,5.2,5.125,5.2,5.1
2024-02-19,5.125,5.2,5.25,5.075
2024-02-20,5.2,5.125,5.25,5.125
2024-02-21,5.25,5.2,5.3,5.175
2024-02-22,5.275,5.275,5.3,5.275
2024-02-23,5.125,5.25,5.275,5.1
2024-02-26,5.125,5.15,5.2,5.075
2024-02-27,5.175,5.125,5.175,5.05
2024-02-28,5.225,5.325,5.425,5.2
2024-02-29,5.225,5.25,5.3,5.2
2024-03-01,5.225,5.225,5.275,5.15
2024-03-04,5.2,5.25,5.275,5.175
2024-03-05,5.1,5.225,5.225,5.1
2024-03-06,5.175,5.125,5.2,5.1
2024-03-07,5.125,5.175,5.2,5.1
2024-03-08,5.15,5.15,5.175,5.125
2024-03-13,5.15,5.15,5.2,5.125
2024-03-14,5.275,5.175,5.3,5.15
2024-03-15,5.175,5.3,5.3,5.175
2024-03-18,5.15,5.2,5.25,5.15
2024-03-19,5.225,5.15,5.25,5.15
2024-03-20,5.275,5.225,5.275,5.225
2024-03-21,5.35,5.3,5.4,5.275
2024-03-22,5.375,5.375,5.375,5.325
2024-03-25,5.35,5.375,5.425,5.325
2024-03-26,5.3,5.35,5.375,5.25
2024-03-27,5.275,5.3,5.325,5.25
2024-03-28,5.15,5.275,5.275,5.1
2024-04-01,5.2,5.175,5.225,5.15
2024-04-02,5.275,5.225,5.275,5.175
2024-04-03,5.25,5.275,5.275,5.2
2024-04-04,5.175,5.25,5.25,5.15
2024-04-05,5.275,5.15,5.325,5.15
2024-04-16,5.1,5.175,5.225,5.1
2024-04-17,5.125,5.15,5.175,5.1
2024-04-18,5.1,5.15,5.15,5.05
2024-04-19,4.9,5.05,5.075,4.87
2024-04-22,4.95,4.94,4.99,4.94
2024-04-23,5.025,4.99,5.075,4.99
2024-04-24,4.91,5.0,5.05,4.91
2024-04-25,4.95,4.91,4.98,4.91
2024-04-26,4.88,4.98,4.98,4.88
2024-04-29,5.025,4.92,5.05,4.9
2024-04-30,5.15,5.05,5.225,4.98
2024-05-02,5.175,5.225,5.275,5.175
2024-05-03,5.225,5.225,5.25,5.2
2024-05-06,5.1,5.25,5.25,5.075
2024-05-07,5.05,5.1,5.125,5.025
2024-05-08,5.125,5.075,5.15,5.0
2024-05-13,5.075,5.15,5.175,5.075
2024-05-14,4.58,4.68,4.69,4.58
2024-05-15,4.53,4.57,4.62,4.53
2024-05-16,4.71,4.59,4.72,4.54
2024-05-17,4.8,4.71,4.81,4.69
2024-05-20,4.74,4.8,4.83,4.73
2024-05-21,4.7,4.75,4.77,4.7
2024-05-22,4.71,4.72,4.73,4.7
2024-05-27,4.55,4.7,4.72,4.55
2024-05-28,4.51,4.56,4.6,4.51
2024-05-29,4.46,4.8,4.8,4.37
2024-05-30,4.32,4.45,4.45,4.31
2024-05-31,4.29,4.34,4.37,4.29
2024-06-03,4.5,4.33,4.53,4.33
2024-06-04,4.58,4.51,4.63,4.48
2024-06-05,4.6,4.56,4.64,4.55
2024-06-06,4.56,4.62,4.62,4.53
2024-06-07,4.56,4.55,4.57,4.53
2024-06-10,4.51,4.56,4.56,4.5
2024-06-11,4.35,4.5,4.5,4.35
2024-06-12,4.36,4.35,4.41,4.29
2024-06-13,4.46,4.41,4.48,4.4
2024-06-14,4.42,4.48,4.53,4.41
2024-06-19,4.45,4.45,4.51,4.42
2024-06-20,4.45,4.44,4.47,4.36
2024-06-21,4.49,4.45,4.53,4.41
2024-06-24,4.43,4.48,4.5,4.41
2024-06-25,4.4,4.44,4.44,4.36
2024-06-26,4.42,4.4,4.45,4.37
2024-06-27,4.43,4.43,4.44,4.4
2024-06-28,4.46,4.43,4.56,4.43
2024-07-01,4.62,4.49,4.62,4.49
2024-07-02,4.53,4.61,4.62,4.51
2024-07-03,4.57,4.55,4.58,4.52
2024-07-04,4.55,4.58,4.61,4.55
2024-07-05,4.58,4.57,4.61,4.54
2024-07-08,4.64,4.6,4.64,4.56
2024-07-09,4.56,4.62,4.62,4.54
2024-07-10,4.54,4.57,4.58,4.52
2024-07-11,4.51,4.55,4.6,4.5
2024-07-12,4.54,4.51,4.57,4.5
2024-07-15,4.47,4.54,4.55,4.46
2024-07-16,4.38,4.48,4.49,4.38
2024-07-17,4.46,4.42,4.47,4.4
2024-07-18,4.54,4.47,4.54,4.46
2024-07-19,4.53,4.52,4.54,4.48
2024-07-22,4.52,4.53,4.54,4.48
2024-07-23,4.45,4.51,4.53,4.45
2024-07-24,4.53,4.47,4.56,4.46
2024-07-25,4.49,4.53,4.53,4.45
2024-07-26,4.61,4.5,4.62,4.5
2024-07-29,4.61,4.62,4.63,4.58
2024-07-30,4.54,4.61,4.61,4.52
2024-07-31,4.72,4.62,4.73,4.59
2024-08-01,4.74,4.7,4.74,4.66
2024-08-02,4.69,4.71,4.74,4.67
2024-08-05,4.56,4.64,4.65,4.52
2024-08-06,4.61,4.6,4.62,4.54
2024-08-07,4.63,4.6,4.63,4.56
2024-08-08,4.74,4.62,4.75,4.6
2024-08-09,4.76,4.76,4.79,4.73
2024-08-12,4.76,4.76,4.78,4.72
2024-08-13,4.76,4.8,4.8,4.74
2024-08-14,4.89,4.8,4.93,4.77
2024-08-15,4.89,4.89,4.92,4.84
2024-08-16,4.97,4.9,4.99,4.9
2024-08-19,5.025,4.97,5.05,4.94
2024-08-20,5.125,5.05,5.15,5.025
2024-08-21,5.075,5.15,5.225,5.075
2024-08-22,5.0,5.025,5.05,4.99
2024-08-23,5.1,5.05,5.175,5.05
2024-08-26,5.15,5.125,5.2,5.125
2024-08-27,5.15,5.15,5.175,5.075
2024-08-28,5.025,5.15,5.15,5.0
2024-08-29,5.075,5.05,5.075,5.0
2024-08-30,5.1,5.075,5.125,5.025
2024-09-02,5.2,5.1,5.225,5.1
2024-09-03,5.125,5.225,5.225,5.125
2024-09-04,5.05,5.05,5.1,5.025
2024-09-05,5.075,5.075,5.125,5.05
2024-09-06,5.05,5.05,5.125,5.05
2024-09-09,5.025,5.05,5.1,5.0
2024-09-10,5.025,5.075,5.1,5.0
2024-09-11,5.025,5.025,5.05,5.0
2024-09-12,5.025,5.025,5.075,5.025
2024-09-13,5.075,5.025,5.075,5.025
2024-09-17,5.075,5.075,5.1,5.025
2024-09-18,5.25,5.1,5.275,5.075
2024-09-19,5.275,5.275,5.275,5.2
2024-09-20,5.225,5.275,5.275,5.2
2024-09-23,5.225,5.25,5.275,5.225
2024-09-24,5.275,5.25,5.275,5.225
2024-09-25,5.225,5.3,5.3,5.15
2024-09-26,5.25,5.25,5.275,5.175
2024-09-27,5.1,5.275,5.275,5.05
2024-09-30,5.05,5.1,5.1,5.0
2024-10-01,5.175,5.1,5.175,5.075
2024-10-02,5.15,5.15,5.15,5.05
2024-10-03,5.25,5.175,5.25,5.1
2024-10-04,5.15,5.25,5.25,5.1
2024-10-07,5.1,5.15,5.175,5.075
2024-10-08,5.225,5.1,5.225,5.075
2024-10-09,5.075,5.225,5.225,5.075
2024-10-10,5.125,5.1,5.125,5.075
2024-10-11,5.075,5.125,5.15,5.075
2024-10-14,4.93,5.025,5.025,4.92
2024-10-15,4.93,4.93,4.97,4.9
2024-10-16,4.96,4.95,4.96,4.9
2024-10-17,4.95,4.95,4.97,4.93
2024-10-18,4.92,4.96,4.96,4.92
2024-10-21,5.1,4.95,5.1,4.93
2024-10-22,5.275,5.125,5.275,5.1
2024-10-23,5.3,5.275,5.3,5.175
2024-10-24,5.275,5.3,5.3,5.2
2024-10-25,5.225,5.275,5.275,5.2
2024-10-28,5.25,5.25,5.25,5.125
2024-10-29,5.125,5.25,5.25,5.125
2024-10-30,5.2,5.125,5.2,5.05
2024-10-31,5.1,5.3,5.3,5.1
2024-11-01,5.075,5.125,5.175,5.05
2024-11-04,5.125,5.075,5.125,4.98
2024-11-05,5.175,5.125,5.2,5.075
2024-11-06,5.05,5.175,5.175,5.025
2024-11-07,5.0,5.05,5.075,5.0
2024-11-08,4.96,5.05,5.075,4.95
2024-11-11,4.97,4.96,4.99,4.85
2024-11-12,4.97,5.0,5.0,4.93
2024-11-13,5.025,5.0,5.025,4.95
2024-11-14,4.95,5.025,5.025,4.93
2024-11-15,4.94,4.94,4.96,4.92
2024-11-18,4.93,4.95,4.97,4.91
2024-11-19,4.97,4.93,4.97,4.9
2024-11-20,5.0,4.97,5.025,4.95
2024-11-21,4.89,4.99,4.99,4.89
2024-11-22,4.91,4.9,4.96,4.86
2024-11-25,5.175,4.95,5.175,4.94
2024-11-26,5.15,5.15,5.2,5.1
2024-11-28,5.125,5.2,5.225,5.125
2024-11-29,5.1,5.125,5.125,5.025
2024-12-02,4.94,5.1,5.15,4.9
2024-12-03,5.125,4.98,5.125,4.97
2024-12-04,5.225,5.1,5.225,5.075
2024-12-05,5.2,5.225,5.225,5.125
2024-12-06,5.15,5.15,5.175,5.05
2024-12-09,5.225,5.15,5.225,5.1
2024-12-10,5.225,5.2,5.225,5.15
2024-12-11,5.25,5.175,5.25,5.175
2024-12-12,5.1,5.15,5.225,5.05
2024-12-13,5.125,5.1,5.15,5.05
2024-12-16,5.125,5.075,5.15,5.0
2024-12-17,4.98,5.1,5.15,4.95
2024-12-18,5.0,4.98,5.05,4.96
2024-12-19,4.88,4.95,4.95,4.86
2024-12-20,4.87,4.88,4.9,4.85
2024-12-23,4.95,4.9,4.95,4.87
2024-12-24,4.88,4.94,4.98,4.88
2024-12-27,4.93,4.89,4.94,4.88
2024-12-30,4.9,4.93,4.94,4.88
2025-01-02,4.95,4.91,4.97,4.9
2025-01-03,4.95,4.95,4.97,4.92
2025-01-06,4.86,4.95,5.0,4.86
2025-01-07,4.92,4.86,4.92,4.85
2025-01-08,4.81,4.88,4.91,4.81
2025-01-09,4.93,4.83,4.95,4.83
2025-01-10,4.9,4.94,4.96,4.86
2025-01-13,4.75,4.91,4.92,4.72
2025-01-14,4.75,4.77,4.85,4.75
2025-01-15,4.94,4.79,4.94,4.78
2025-01-16,4.88,5.025,5.025,4.88
2025-01-17,4.94,4.86,4.97,4.84
2025-01-20,4.91,4.94,4.96,4.9
2025-01-21,4.91,4.93,4.97,4.9
2025-01-22,4.96,4.92,4.98,4.88
2025-01-23,4.9,4.96,4.98,4.9
2025-01-24,4.87,4.9,4.96,4.87
2025-01-30,4.78,4.87,4.87,4.78
2025-01-31,4.8,4.79,4.84,4.79
